DataCompareforOracle, https://documentation.red-gate.com/dco/data-compare-for-oracle-6-0-release-notes-148079594.html
DataMaskerforOracle, https://documentation.red-gate.com/dms/release-notes-and-other-versions/data-masker-for-oracle-6-1
DataMaskerforSQLServer, https://documentation.red-gate.com/dms/release-notes-and-other-versions/data-masker-for-sql-server-7-1
FlywayDesktop, https://documentation.red-gate.com/fd/flyway-desktop-5-release-notes-138347151.html
FlywayDesktopDarwinX64, https://documentation.red-gate.com/fd/flyway-desktop-5-release-notes-138347151.html
FlywayDesktopMac, https://documentation.red-gate.com/fd/flyway-desktop-5-release-notes-138347151.html
SCAPowerShell, https://documentation.red-gate.com/sca/release-notes-and-other-versions/powershell-module-release-notes/sql-change-automation-powershell-4-5-release-notes
SQLBackup, https://documentation.red-gate.com/sbu/release-notes-and-other-versions/sql-backup-pro-10-1-release-notes
SQLChangeAutomation, https://documentation.red-gate.com/sca/release-notes-and-other-versions/sql-server-management-studio-add-in-release-notes/sql-change-automation-ssms-4-5-release-notes
SQLCloneServer, https://documentation.red-gate.com/clone/release-notes-and-other-versions/sql-clone-5-release-notes
SQLCompare, https://documentation.red-gate.com/sc/release-notes-and-other-versions/sql-compare-15-0-release-notes
SQLDataCatalog, https://documentation.red-gate.com/sql-data-catalog/release-notes
SQLDataCompare, https://documentation.red-gate.com/sdc/release-notes-and-other-versions/sql-data-compare-15-0-release-notes
SQLDataGenerator, https://documentation.red-gate.com/sdg/release-notes-and-other-versions/sql-data-generator-4-5-release-notes
SQLDependencyTracker, https://documentation.red-gate.com/sdt/release-notes-and-other-versions/sql-dependency-tracker-3-3-release-notes
SQLDoc, https://documentation.red-gate.com/sdoc/release-notes-and-other-versions/sql-doc-5-2-release-notes
SQLMonitorWeb, https://documentation.red-gate.com/sm/release-notes-and-other-versions/sql-monitor-12-1-release-notes
SQLMultiScript, https://documentation.red-gate.com/sms/release-notes-and-other-versions/sql-multi-script-1-5-release-notes
SQLPrompt, https://documentation.red-gate.com/sp/release-notes-and-other-versions/sql-prompt-10-12-release-notes
SQLScriptsManager, https://documentation.red-gate.com/ssm/release-notes-and-other-versions/sql-scripts-manager-2-1-release-notes
SQLSearch, https://documentation.red-gate.com/ss/release-notes-and-other-versions/sql-search-3-6-release-notes
SQLSourceControl,https://documentation.red-gate.com/soc/release-notes-and-other-versions/sql-source-control-7-5-release-notes
SchemaCompareforOracle, https://documentation.red-gate.com/sco/schema-compare-for-oracle-6-0-release-notes-148079590.html
SourceControlforOracle, https://documentation.red-gate.com/soco/release-notes-and-other-versions/source-control-for-oracle-6-0-release-notes
SmartAssembly, https://documentation.red-gate.com/sa/release-notes-and-other-versions/smartassembly-8-0-release-notes
SQLTest, https://documentation.red-gate.com/sqt/release-notes-and-other-versions/sql-test-4-1-release-notes
